"S.no","Name of the College","Situated in ","Course fee","Placement ","Global Ranking ","Course ","Placement rate"
"#1","BITS Pilani (Pilani Campus) Pilani","PilaniRajasthan","₹ 6Lac","₹ 3Lac","2438","B.Tech Plastic and Polymer Engineering","#4"
"#5","Indian Institute of Space Science and Technology - [IIST], Thiruvananthapuram","Thiruvananthapuram, Kerala","₹ 1,44,900","₹ 10,00,000","27924","B.Tech Electrical and Electronics Engineering","#8"
"#9","SSN College of Engineering - [SSNCE], Chennai","Chennai, Tamil Nadu","₹ 55,000","₹ 6,19,000","11040","BE Civil Engineering","#12"
"#13","Sathyabama Institute of Science and Technology, Chennai","Chennai, Tamil Nadu","₹ 1,95,000","₹ 5,00,000","","","#16"
"#17","Kalasalingam Academy of Research and Education, Krishnankovil","Krishnankovil, Tamil Nadu","₹ 1,22,000","₹ 4,50,000","647","BE Electronics & Telecom Engineering","#20"
"#21","BMS College of Engineering - [BMSCE], Bangalore","Bangalore, Karnataka","₹ 4,17,060","₹ 4,50,000","22448","B.Tech VLSI Design","#24"
"#25","Jaypee Institute of Information Technology University - [JIIT], Noida","Noida, Uttar Pradesh","₹ 3,34,600","₹ 13,00,000","7758","BE Computer Science and Engineering","#28"
"#29","Sri Venkateswara University College of Engineering, Tirupati","Tirupati, Andhra Pradesh","₹ 1,20,000","","255","B.Tech VLSI Design",""
"#5","Indian Institute of Space Science and Technology - [IIST], Thiruvananthapuram","Thiruvananthapuram, Kerala","₹ 1,44,900","₹ 10,00,000","27924","B.Tech Electrical and Electronics Engineering","#8"
"#9","SSN College of Engineering - [SSNCE], Chennai","Chennai, Tamil Nadu","₹ 55,000","₹ 6,19,000","11040","BE Civil Engineering","#12"
"#13","Sathyabama Institute of Science and Technology, Chennai","Chennai, Tamil Nadu","₹ 1,95,000","₹ 5,00,000","","","#16"
"#17","Kalasalingam Academy of Research and Education, Krishnankovil","Krishnankovil, Tamil Nadu","₹ 1,22,000","₹ 4,50,000","647","BE Electronics & Telecom Engineering","#20"
"#21","BMS College of Engineering - [BMSCE], Bangalore","Bangalore, Karnataka","₹ 4,17,060","₹ 4,50,000","22448","B.Tech VLSI Design","#24"
"#29","Sri Venkateswara University College of Engineering, Tirupati","Tirupati, Andhra Pradesh","₹ 1,20,000","₹ 19,00,000","255","B.Tech VLSI Design","#32"
"#33","C. V. Raman Global University, Bhubaneswar","Bhubaneswar, Odisha","₹ 2,25,000","₹ 9,50,000","14703","B.Tech Artificial Intelligence and Data Science","#36"
"#37","B.S. Abdur Rahman Crescent Institute of Science & Technology - [BSAU], Chennai","Chennai, Tamil Nadu","₹ 85,000","₹ 4,00,000","25085","BE Biomedical Engineering","#40"
"#41","Jain University - [JU], Bangalore","Bangalore, Karnataka","₹ 2,95,000","₹ 6,20,000","4569","BE Artificial Intelligence and Data Science","#44"
"#45","JNTUK University College of Engineering, Kakinada, East Godavari","East Godavari, Andhra Pradesh","₹ 10,000","₹ 9,45,000","11138","B.Tech Mechanical Engineering","#48"
"#49","Mukesh Patel School of Technology Management and Engineering - [MPSTME], Mumbai","Mumbai, Maharashtra","₹ 3,50,000","₹ 10,55,000","1927","B.Tech Computer Engineering","#52"
"#53","Vallurupalli Nageswara Rao Vignana Jyothi Institute of Engineering and Technology - [VNR VJIET], Hyderabad","Hyderabad, Telangana","₹ 1,38,000","₹ 51,00,000","","","#56"
"#57","University Institute of Engineering, Chandigarh University - [UIE], Chandigarh","Chandigarh, Chandigarh","₹ 2,09,500","₹ 35,00,000","97184","B.Tech Information Technology","#60"
"#61","Saveetha Engineering College - [SEC], Chennai","Chennai, Tamil Nadu","₹ 2,00,000","₹ 5,36,000","43720","B.Tech Artificial Intelligence and Machine Learning","#64"
"#65","Yeshwantrao Chavan College of Engineering - [YCCE], Nagpur","Nagpur, Maharashtra","₹ 1,60,000","₹ 6,00,000","11347","B.Tech Chemical Engineering","#68"
"#69","Chennai Institute of Technology - [CIT], Chennai","Chennai, Tamil Nadu","₹ 50,000","₹ 5,40,000","28011","B.Tech Aeronautical Engineering","#72"
"#73","Rajalakshmi Engineering College - [REC], Chennai","Chennai, Tamil Nadu","₹ 55,000","₹ 3,00,000","3018","B.Tech Electrical and Electronics Engineering","#76"
"#77","Sri Krishna College of Technology - [SKCT], Coimbatore","Coimbatore, Tamil Nadu","₹ 2,20,000","₹ 3,00,000","39166","BE Biomedical Engineering","#80"
"#77","Sri Krishna College of Technology - [SKCT], Coimbatore","Coimbatore, Tamil Nadu","₹ 2,20,000","₹ 3,00,000","39166","BE Biomedical Engineering","#80"
"#81","BMS Institute of Technology and Management - [BMSIT], Bangalore","Bangalore, Karnataka","₹ 2,81,477","₹ 7,90,000","12299","BE Electronics & Communication Engineering","#84"
"#85","MIT World Peace University - [MIT-WPU], Pune","Pune, Maharashtra","₹ 3,15,000","₹ 7,00,000","3251","B.Tech Artificial Intelligence and Data Science","#88"
"#89","PES College of Engineering - [PESCE], Mandya","Mandya, Karnataka","₹ 7,64,444","₹ 5,30,000","126433","B.Tech Electrical and Electronics Engineering",""
"#89","PES College of Engineering - [PESCE], Mandya","Mandya, Karnataka","₹ 7,64,444","₹ 5,30,000","126433","B.Tech Electrical and Electronics Engineering","#92"
"#93","CMR Institute of Technology - [CMRIT], Bangalore","Bangalore, Karnataka","₹ 10,65,908","₹ 5,52,000","20002","B.Tech Electrical and Electronics Engineering","#96"
"#97","Sri Venkateswara College of Engineering and Technology - [SVCET], Chittoor","Chittoor, Andhra Pradesh","₹ 52,800","₹ 6,00,000","16889","BE Mechanical Engineering","#100"
"#101","Dr. Mahalingam College of Engineering & Technology - [MCET], Pollachi","Pollachi, Tamil Nadu","₹ 2,20,000","₹ 10,00,000","7886","B.Tech Electronics & Communication Engineering","#104"
"#105","Alliance College of Engineering and Design, Bangalore","Bangalore, Karnataka","₹ 15,00,000","₹ 8,30,000","960","BE Artificial Intelligence and Data Science","#108"
"#109","Fr. Conceicao Rodrigues College of Engineering - [CRCE], Mumbai","Mumbai, Maharashtra","₹ 1,81,000","₹ 8,02,000","","",""
"#105","Alliance College of Engineering and Design, Bangalore","Bangalore, Karnataka","₹ 15,00,000","₹ 8,30,000","960","BE Artificial Intelligence and Data Science","#108"
"#109","Fr. Conceicao Rodrigues College of Engineering - [CRCE], Mumbai","Mumbai, Maharashtra","₹ 1,81,000","₹ 8,02,000","3159","B.Tech Electronics & Telecommunication Engineering","#112"
"#113","Sagi Ramakrishnam Raju Engineering College - [SRKR ], Bhimavaram","Bhimavaram, Andhra Pradesh","₹ 77,000","₹ 3,60,000","87217","B.Tech Mechanical Engineering","#116"
"#117","Easwari Engineering College - [EEC], Chennai","Chennai, Tamil Nadu","₹ 2,20,000","₹ 44,00,000","11659","B.Tech Electronics & Communication Engineering","#120"
"#121","The LNM Institute of Information Technology - [LNMIIT], Jaipur","Jaipur, Rajasthan","₹ 5,54,000","₹ 12,90,000","23000","B.Tech Electronics & Communication Engineering","#124"
"#125","Centurion University of Technology and Management - [CUTM], Bhubaneswar","Bhubaneswar, Odisha","₹ 1,80,000","₹ 13,80,000","718549","B.Tech Electrical and Electronics Engineering","#128"
"#129","Galgotias University - [GU], Greater Noida","Greater Noida, Uttar Pradesh","₹ 1,64,000","₹ 5,40,000","1031","B.Tech Mechanical Engineering","#132"
"#133","Chitkara University - [CU], Patiala","Patiala, Punjab","₹ 2,40,000","₹ 7,50,000","46109","B.Tech Information Technology","#136"
"#137","Jaipur National University - [JNU], Jaipur","Jaipur, Rajasthan","₹ 1,09,023","₹ 5,50,000","","","#140"
"#129","Galgotias University - [GU], Greater Noida","Greater Noida, Uttar Pradesh","₹ 1,64,000","₹ 5,40,000","1031","B.Tech Mechanical Engineering","#132"
"#133","Chitkara University - [CU], Patiala","Patiala, Punjab","₹ 2,40,000","₹ 7,50,000","46109","B.Tech Information Technology","#136"
"#137","Jaipur National University - [JNU], Jaipur","Jaipur, Rajasthan","₹ 1,09,023","₹ 5,50,000","","","#140"
"#141","Manav Rachna International Institute of Research and Studies - [MRIIRS], Faridabad","Faridabad, Haryana","₹ 1,90,000","₹ 32,00,000","653","B.Tech Automobile Engineering","#144"
"#145","Amity University, Kolkata","Kolkata, West Bengal","₹ 1,88,000","₹ 32,51,000","25641","BE Computer Science and Engineering","#148"
"#149","DIT University - [DIT], Dehradun","Dehradun, Uttarakhand","₹ 2,52,500","₹ 6,94,000","","",""
"#145","Amity University, Kolkata","Kolkata, West Bengal","₹ 1,88,000","₹ 32,51,000","25641","BE Computer Science and Engineering","#148"
"#149","DIT University - [DIT], Dehradun","Dehradun, Uttarakhand","₹ 2,52,500","₹ 6,94,000","","","#152"
"#153","Amity University, Mumbai","Mumbai, Maharashtra","₹ 2,84,000","₹ 3,50,000","28864","B.Tech Biotechnology","#156"
"#157","Vishwakarma Institute of Technology, Pune","Pune, Maharashtra","₹ 1,92,945","₹ 9,62,000","542308","B.Tech Electronics & Communication Engineering","#160"
"#153","Amity University, Mumbai","Mumbai, Maharashtra","₹ 2,84,000","₹ 3,50,000","28864","B.Tech Biotechnology","#156"
"#157","Vishwakarma Institute of Technology, Pune","Pune, Maharashtra","₹ 1,92,945","₹ 9,62,000","542308","B.Tech Electronics & Communication Engineering","#160"
"#161","Silicon University, Bhubaneswar","Bhubaneswar, Odisha","₹ 1,72,500","₹ 5,60,000","87272","B.Tech Electrical Engineering","#164"
"#165","Ganpat University - [GUNI], Mehsana","Mehsana, Gujarat","₹ 1,19,000","₹ 3,09,000","27354","B.Tech Information Technology","#168"
"#169","Prasad V. Potluri Siddhartha Institute of Technology - [PVPSIT], Vijayawada","Vijayawada, Andhra Pradesh","₹ 77,000","","","","#172"
"#173","OPJS University, Churu","Churu, Rajasthan","₹ 64,200","₹ 13,80,000","","","#176"
"#177","MLR Institute of Technology - [MLRIT], Hyderabad","Hyderabad, Telangana","₹ 1,13,000","₹ 25,00,000","","","#180"
"#169","Prasad V. Potluri Siddhartha Institute of Technology - [PVPSIT], Vijayawada","Vijayawada, Andhra Pradesh","₹ 77,000","","","","#172"
"#173","OPJS University, Churu","Churu, Rajasthan","₹ 64,200","₹ 13,80,000","","","#176"
"#177","MLR Institute of Technology - [MLRIT], Hyderabad","Hyderabad, Telangana","₹ 1,13,000","₹ 25,00,000","","","#180"
"#181","Amity University, Jaipur","Jaipur, Rajasthan","₹ 1,60,000","₹ 5,49,000","18742","B.Tech Computer Engineering","#184"
"#185","Sikkim Manipal University - [SMU], East Sikkim","East Sikkim, Sikkim","₹ 3,48,500","₹ 6,00,000","","","#188"
"#189","Mody University, Sikar","Sikar, Rajasthan","₹ 1,80,250","₹ 8,23,000","","",""
"#189","Mody University, Sikar","Sikar, Rajasthan","₹ 1,80,250","₹ 8,23,000","","","#192"
"#193","Malla Reddy Engineering College - [MREC], Hyderabad","Hyderabad, Telangana","₹ 1,18,000","₹ 96,00,000","","","#196"
"#197","Garden City University - [GCU], Bangalore","Bangalore, Karnataka","₹ 3,33,000","₹ 4,09,000","5048","BE Aeronautical Engineering","#200"
"#201","Academy of Maritime Education and Training University - [AMET], Chennai","Chennai, Tamil Nadu","₹ 1,65,000","₹ 6,00,000","","","#204"
"#205","Indraprastha Institute of Technology and Management - [IITM], New Delhi","New Delhi, Delhi NCR","₹ 1,25,000","₹ 8,00,000","","","#208"
"#209","AMC Engineering College - [AMC], Bangalore","Bangalore, Karnataka","₹ 1,15,000","","22172","B.Tech Electronics & Communication Engineering",""
"#209","AMC Engineering College - [AMC], Bangalore","Bangalore, Karnataka","₹ 1,15,000","₹ 13,00,000","22172","B.Tech Electronics & Communication Engineering","#212"
"#213","Panimalar Engineering College, Chennai","Chennai, Tamil Nadu","₹ 2,20,000","₹ 3,50,000","","","#216"
"#217","Invertis University, Bareilly","Bareilly, Uttar Pradesh","₹ 1,00,000","₹ 6,00,000","747921","B.Tech Electronics & Communication Engineering","#220"
"#221","Model Institute of Engineering and Technology - [MIET], Jammu","Jammu, Jammu and Kashmir","₹ 1,01,500","₹ 4,00,000","49991","B.Tech Information Technology","#224"
"#225","CMJ University, Ri-Bhoi","Ri-Bhoi, Meghalaya","₹ 65,000","₹ 4,40,000","","","#228"
"#229","GLS University, Ahmedabad","Ahmedabad, Gujarat","₹ 1,36,500","","","",""
"#221","Model Institute of Engineering and Technology - [MIET], Jammu","Jammu, Jammu and Kashmir","₹ 1,01,500","₹ 4,00,000","49991","B.Tech Information Technology","#224"
"#225","CMJ University, Ri-Bhoi","Ri-Bhoi, Meghalaya","₹ 65,000","₹ 4,40,000","","","#228"
"#229","GLS University, Ahmedabad","Ahmedabad, Gujarat","₹ 1,36,500","₹ 5,76,000","204236","B.Tech Computer Engineering","#232"
"#233","Asansol Engineering College - [AEC], Asansol","Asansol, West Bengal","₹ 1,33,794","₹ 3,40,000","41431","B.Tech Electronics & Communication Engineering","#236"
"#237","Sri Venkateswara College of Engineering - [SVCE], Tirupati","Tirupati, Andhra Pradesh","₹ 58,080","₹ 7,00,000","1668","BE Artificial Intelligence and Data Science","#240"
"#237","Sri Venkateswara College of Engineering - [SVCE], Tirupati","Tirupati, Andhra Pradesh","₹ 58,080","₹ 7,00,000","1668","BE Artificial Intelligence and Data Science","#240"
"#241","University of Science and Technology - [USTM], Ri-Bhoi","Ri-Bhoi, Meghalaya","₹ 2,55,000","₹ 3,24,000","60026","B.Tech Civil Engineering","#244"
"#245","Vidyalankar Institute of Technology - [VIT], Mumbai","Mumbai, Maharashtra","₹ 1,34,000","₹ 37,50,000","17861","Bachelor of Technology [B.Tech] (Computer Networks)","#248"
"#249","Mangalayatan University, Jabalpur","Jabalpur, Madhya Pradesh","₹ 1,00,000","","","",""
"#245","Vidyalankar Institute of Technology - [VIT], Mumbai","Mumbai, Maharashtra","₹ 1,34,000","₹ 37,50,000","17861","Bachelor of Technology [B.Tech] (Computer Networks)","#248"
"#249","Mangalayatan University, Jabalpur","Jabalpur, Madhya Pradesh","₹ 1,00,000","₹ 5,04,000","26705","B.Tech Computer Science Engineering","#252"
"#253","Federal Institute of Science and Technology - [FISAT], Ernakulam","Ernakulam, Kerala","₹ 5,02,000","₹ 5,18,000","218025","B.Tech Electronics & Communication Engineering","#256"
"#257","Sri Vasavi Engineering College - [SVEC], Tadepalligudem","Tadepalligudem, Andhra Pradesh","₹ 69,300","","20021","B.Tech Software Engineering","#260"
"#261","Jagannath University, Jaipur","Jaipur, Rajasthan","₹ 1,30,000","₹ 11,00,000","71103","B.Tech Electronics & Communication Engineering","#264"
"#265","Amity University, Raipur","Raipur, Chhattisgarh","₹ 92,000","₹ 24,00,000","24865","B.Tech Electronics & Telecommunication Engineering","#268"
"#269","St.  Francis Institute of Technology - [SFIT], Mumbai","Mumbai, Maharashtra","₹ 1,39,000","₹ 5,00,000","","",""
"#265","Amity University, Raipur","Raipur, Chhattisgarh","₹ 92,000","₹ 24,00,000","24865","B.Tech Electronics & Telecommunication Engineering","#268"
"#269","St.  Francis Institute of Technology - [SFIT], Mumbai","Mumbai, Maharashtra","₹ 1,39,000","₹ 5,00,000","6561","BE Electronics & Telecom Engineering","#272"
"#273","GNIOT Group of Institutions - [GNIOT], Greater Noida","Greater Noida, Uttar Pradesh","₹ 1,55,700","₹ 5,50,000","49436","B.Tech Biotechnology","#276"
"#277","PES College of Engineering - [PESCOE], Aurangabad","Aurangabad, Maharashtra","₹ 85,000","₹ 8,00,000","33247","B.Tech Electronics & Communication Engineering","#280"
"#281","Vivekanand Education Society Institute of Technology - [VESIT], Mumbai","Mumbai, Maharashtra","₹ 1,43,443","₹ 14,50,000","16429","B.Tech Electronics & Communication Engineering","#284"
"#285","RK University - [RKU], Rajkot","Rajkot, Gujarat","₹ 76,500","₹ 4,20,000","19014","B.Tech Electronics & Communication Engineering","#288"
"#289","Yenepoya University, Mangalore","Mangalore, Karnataka","₹ 1,50,000","₹ 9,00,000","","","#292"
"#293","KCG College of Technology, Chennai","Chennai, Tamil Nadu","₹ 50,000","₹ 4,40,000","779305","B.Tech Electrical Engineering","#296"
"#297","GITAM, Hyderabad","Hyderabad, Telangana","₹ 2,70,000","₹ 4,90,000","","","#300"
"#289","Yenepoya University, Mangalore","Mangalore, Karnataka","₹ 1,50,000","₹ 9,00,000","","","#292"
"#293","KCG College of Technology, Chennai","Chennai, Tamil Nadu","₹ 50,000","₹ 4,40,000","779305","B.Tech Electrical Engineering","#296"
"#297","GITAM, Hyderabad","Hyderabad, Telangana","₹ 2,70,000","₹ 4,90,000","","","#300"
"#301","The Neotia University - [TNU], Kolkata","Kolkata, West Bengal","₹ 1,55,000","₹ 2,48,000","651687","B.Tech Electronics & Communication Engineering","#304"
"#305","Parul University, Vadodara","Vadodara, Gujarat","₹ 1,49,000","₹ 8,00,000","","","#308"
"#309","ACS College of Engineering - [ACSCE], Bangalore","Bangalore, Karnataka","₹ 2,81,477","₹ 5,00,000","158607","BE Computer Science and Engineering","#312"
"#313","Institute of Engineering and Science - [IES], Indore","Indore, Madhya Pradesh","₹ 1,01,000","₹ 8,00,000","651687","B.Tech Electronics & Communication Engineering","#316"
"#317","Jigyasa University (Formerly Himgiri Zee University), Dehradun","Dehradun, Uttarakhand","₹ 1,15,000","₹ 6,50,000","158607","BE Computer Science and Engineering","#320"
"#321","Ajay Kumar Garg Engineering College - [AKGEC], Ghaziabad","Ghaziabad, Uttar Pradesh","₹ 1,24,456","₹ 33,80,000","41258","BE Electronics & Communication Engineering","#324"
"#325","Guru Tegh Bahadur Institute of Technology - [GTBIT], New Delhi","New Delhi, Delhi NCR","₹ 1,48,600","","17262","BE Computer Science and Engineering (Artificial Intelligence and Machine)","#328"
"#329","Raj Kumar Goel Institute of Technology - [RKGIT], Ghaziabad","Ghaziabad, Uttar Pradesh","₹ 1,35,000","₹ 5,00,000","48224","B.Tech Electronics & Communication Engineering",""
"#325","Guru Tegh Bahadur Institute of Technology - [GTBIT], New Delhi","New Delhi, Delhi NCR","₹ 1,48,600","","17262","BE Computer Science and Engineering (Artificial Intelligence and Machine)","#328"
"#329","Raj Kumar Goel Institute of Technology - [RKGIT], Ghaziabad","Ghaziabad, Uttar Pradesh","₹ 1,35,000","₹ 5,00,000","48224","B.Tech Electronics & Communication Engineering","#332"
"#333","Sir M Visvesvaraya Institute of Technology - [Sir MVIT], Bangalore","Bangalore, Karnataka","₹ 4,17,060","₹ 14,86,000","61114","B.Tech Artificial Intelligence and Data Science","#336"
"#337","Maharishi Markandeshwar - [MMU], Solan","Solan, Himachal Pradesh","₹ 1,41,500","₹ 8,60,000","","","#340"
"#341","Rizvi College of Engineering - [RCOE], Mumbai","Mumbai, Maharashtra","₹ 1,12,000","₹ 7,50,000","77060","B.Tech Artificial Intelligence and Data Science","#344"
"#345","Swami Keshvanand Institute of Technology, Management and Gramothan - [SKIT], Jaipur","Jaipur, Rajasthan","₹ 1,21,978","₹ 47,32,000","","","#348"
"#349","MIT Academy of Engineering - [MITAOE], Pune","Pune, Maharashtra","₹ 1,91,737","₹ 8,60,000","","","#352"
"#353","Chandigarh Group of Colleges - [CGC] Jhanjeri, Mohali","Mohali, Punjab","₹ 96,400","₹ 45,50,000","7691","BE Electrical and Electronics Engineering","#356"
"#357","Mahaveer Institute of Engineering & Technology - [MIET], Meerut","Meerut, Uttar Pradesh","₹ 61,200","₹ 3,00,000","1077266","B.Tech Mechanical Engineering","#360"
"#357","Mahaveer Institute of Engineering & Technology - [MIET], Meerut","Meerut, Uttar Pradesh","₹ 61,200","₹ 3,00,000","1077266","B.Tech Mechanical Engineering","#360"
"#361","Echelon Institute of Technology, Faridabad","Faridabad, Haryana","₹ 92,500","₹ 5,20,000","9679","BE Robotics and Automation","#364"
"#365","Bhagwan Parshuram Institute of Technology - [BPIT], New Delhi","New Delhi, Delhi NCR","₹ 1,71,500","₹ 3,95,220","44.327","B.Tech Electrical and Electronics Engineering","#368"
"#369","East West Institute of Technology - [EWIT], Bangalore","Bangalore, Karnataka","₹ 7,63,333","₹ 56,00,000","30514","B.Tech Mechanical Engineering","#372"
"#373","Jayawantrao Sawant College of Engineering- [JSCOE], Pune","Pune, Maharashtra","₹ 1,12,500","₹ 2,50,000","70843","BE Artificial Intelligence & Machine Learning","#376"
"#377","Maharashtra Institute of Technology - [MIT], Aurangabad","Aurangabad, Maharashtra","₹ 1,01,200","₹ 3,40,000","130286","BE Electronics & Communication Engineering","#380"
"#381","Dr. Akhilesh Das Gupta Institute of Technology & Management - [ADGITM], New Delhi","New Delhi, Delhi NCR","₹ 1,48,600","₹ 44,15,000","16100","B.Tech Electronics & Computer Science","#384"
"#385","SNS College of Engineering - [SNSCE], Coimbatore","Coimbatore, Tamil Nadu","₹ 50,000","₹ 10,00,000","22835","BE Mechanical Engineering","#388"
"#389","Sethu Institute of Technology, Kariapatti","Kariapatti, Tamil Nadu","₹ 50,000","","80100","B.Tech Electrical Engineering",""
"#377","Maharashtra Institute of Technology - [MIT], Aurangabad","Aurangabad, Maharashtra","₹ 1,01,200","₹ 3,40,000","130286","BE Electronics & Communication Engineering","#380"
"#381","Dr. Akhilesh Das Gupta Institute of Technology & Management - [ADGITM], New Delhi","New Delhi, Delhi NCR","₹ 1,48,600","₹ 44,15,000","16100","B.Tech Electronics & Computer Science","#384"
"#385","SNS College of Engineering - [SNSCE], Coimbatore","Coimbatore, Tamil Nadu","₹ 50,000","₹ 10,00,000","22835","BE Mechanical Engineering","#388"
"#389","Sethu Institute of Technology, Kariapatti","Kariapatti, Tamil Nadu","₹ 50,000","","80100","B.Tech Electrical Engineering","#392"
"#393","Vaagdevi College of Engineering  - [VCOE], Warangal","Warangal, Telangana","₹ 1,08,000","₹ 10,00,000","","","#396"
"#397","Amrita Vishwa Vidyapeetham, Coimbatore","Coimbatore, Tamil Nadu","₹ 6,10,000","₹ 7,10,000","6150","BE Electronics & Telecom Engineering","#400"
"#393","Vaagdevi College of Engineering  - [VCOE], Warangal","Warangal, Telangana","₹ 1,08,000","₹ 10,00,000","","","#396"
"#397","Amrita Vishwa Vidyapeetham, Coimbatore","Coimbatore, Tamil Nadu","₹ 6,10,000","₹ 7,10,000","6150","BE Electronics & Telecom Engineering","#400"
"#401","Matrusri Engineering College, Hyderabad","Hyderabad, Telangana","₹ 1,03,000","₹ 32,00,000","84548","BE Mechanical Engineering","#404"
"#405","The Northcap University - [NCU], Gurgaon","Gurgaon, Haryana","₹ 3,00,000","₹ 57,00,000","","","#408"
"#409","Dayananda Sagar University - [DSU], Bangalore","Bangalore, Karnataka","₹ 4,72,000","₹ 35,00,000","25934","B.Tech Pharmaceutical Engineering","#412"
"#413","VIT University - [VIT- AP], Guntur","Guntur, Andhra Pradesh","₹ 1,98,000","₹ 14,43,000","","","#416"
"#417","Pranveer Singh Institute of Technology - [PSIT], Kanpur","Kanpur, Uttar Pradesh","₹ 1,09,296","₹ 50,00,000","","","#420"
"#421","Jayoti Vidyapeeth Women's University - [JVWU], Jaipur","Jaipur, Rajasthan","₹ 80,000","₹ 6,00,000","156852","B.Tech Electronics & Communication Engineering","#424"
"#425","Chandigarh Engineering College - [CEC] Landran, Mohali","Mohali, Punjab","₹ 96,400","₹ 54,75,000","","BE Biomedical Engineering","#428"
"#429","Geethanjali College of Engineering and Technology - [GCET] Keesara, Hyderabad","Hyderabad, Telangana","₹ 1,20,000","₹ 5,12,000","","",""
"#417","Pranveer Singh Institute of Technology - [PSIT], Kanpur","Kanpur, Uttar Pradesh","₹ 1,09,296","₹ 50,00,000","","","#420"
"#421","Jayoti Vidyapeeth Women's University - [JVWU], Jaipur","Jaipur, Rajasthan","₹ 80,000","₹ 6,00,000","156852","B.Tech Electronics & Communication Engineering","#424"
"#425","Chandigarh Engineering College - [CEC] Landran, Mohali","Mohali, Punjab","₹ 96,400","₹ 54,75,000","","BE Biomedical Engineering","#428"
"#429","Geethanjali College of Engineering and Technology - [GCET] Keesara, Hyderabad","Hyderabad, Telangana","₹ 1,20,000","₹ 5,12,000","933676","B.Tech Artificial Intelligence and Machine Learning","#432"
"#433","Kashi Institute of Technology - [KIT], Varanasi","Varanasi, Uttar Pradesh","₹ 80,000","","73460","BE Electronics & Communication Engineering","#436"
"#437","Pragati Engineering College, East Godavari","East Godavari, Andhra Pradesh","₹ 69,300","₹ 29,00,000","126701","B.Tech Artificial Intelligence and Data Science","#440"
"#433","Kashi Institute of Technology - [KIT], Varanasi","Varanasi, Uttar Pradesh","₹ 80,000","","73460","BE Electronics & Communication Engineering","#436"
"#437","Pragati Engineering College, East Godavari","East Godavari, Andhra Pradesh","₹ 69,300","₹ 29,00,000","126701","B.Tech Artificial Intelligence and Data Science","#440"
"#441","Sambhram Institute of Technology - [SAIT], Bangalore","Bangalore, Karnataka","₹ 7,64,444","","71333","B.Tech Civil Engineering","#444"
"#445","The Oxford College of Engineering, Bangalore","Bangalore, Karnataka","₹ 4,17,060","₹ 5,00,000","4865","B.Tech Civil Engineering","#448"
"#449","Vidya Jyothi Institute of Technology - [VJIT], Hyderabad","Hyderabad, Telangana","₹ 1,18,000","₹ 7,50,000","","","#452"
"#453","Bahra University - [BU], Solan","Solan, Himachal Pradesh","₹ 1,20,150","₹ 24,00,000","","","#456"
"#457","Shri Venkateshwara University - [SVU], Amroha","Amroha, Uttar Pradesh","₹ 1,25,000","₹ 1,12,00,000","38686","B.Tech Artificial Intelligence and Data Science","#460"
"#461","Panimalar Institute of Technology-[PIT], Chennai","Chennai, Tamil Nadu","₹ 2,20,000","₹ 2,00,000","154122","B.Tech Biotechnology","#464"
"#465","RNB Global University - [RNBGU], Bikaner","Bikaner, Rajasthan","₹ 1,15,000","₹ 3,50,000","1074593","B.Tech Civil Engineering","#468"
"#469","Excel Engineering College, Namakkal","Namakkal, Tamil Nadu","₹ 2,09,650","₹ 12,50,000","","","#472"
"#473","Bengal College of Engineering - [BCE], Durgapur","Durgapur, West Bengal","₹ 98,500","₹ 8,50,000","","","#476"
"#477","Eternal University - [EU], Sirmaur","Sirmaur, Himachal Pradesh","₹ 1,18,000","₹ 2,70,000","825301","","#480"
"#481","Asians Institute of Technology, Jaipur","Jaipur, Rajasthan","₹ 1,46,800","₹ 3,50,000","24881","B.Tech Electronics & Communication Engineering","#484"
"#485","Camellia Institute of Technology - [CIT], Kolkata","Kolkata, West Bengal","₹ 1,01,500","₹ 2,24,920","74888","BE Electronics & Communication Engineering","#488"
"#489","KLN College of Engineering - [KLNCE], Sivaganga","Sivaganga, Tamil Nadu","₹ 2,20,000","₹ 6,00,000","60631","B.Tech Artificial Intelligence and Data Science","#492"
"#493","Mangalam College of Engineering Ettumanoor - [MLM], Kottayam","Kottayam, Kerala","₹ 5,02,000","","469719","B.Tech Electrical Engineering","#496"
"#497","Narasaraopeta Engineering College - [NEC], Narasaraopet","Narasaraopet, Andhra Pradesh","₹ 73,800","₹ 4,50,000","","BE Electrical and Electronics Engineering","#500"
"#501","Sagar Institute of Science and Technology - [SISTec] -
 Sagar Group of Institutions, Bhopal","Bhopal, Madhya Pradesh","₹ 3,40,000","₹ 4,53,000","74776","BE Information Science & Engineering","#504"
"#505","Sri Shakthi Institute of Engineering and Technology - [SIET], Coimbatore","Coimbatore, Tamil Nadu","₹ 2,20,000","₹ 10,00,000","23395","BE Mechanical Engineering","#508"
"#509","VSB Engineering College - [VSBEC], Karur","Karur, Tamil Nadu","₹ 2,20,000","₹ 2,40,000","13317","B.Tech Information Technology","#512"
"#513","Velalar College of Engineering and Technology -[VCET], Erode","Erode, Tamil Nadu","₹ 1,00,000","₹ 2,80,000","441361","B.Tech Computer Science Engineering","#516"
"#517","Annamacharya Institute of Technology and Sciences, Kadapa","Kadapa, Andhra Pradesh","₹ 56,650","","728829","B.Tech Mechanical Engineering","#520"
"#521","St. Peter's Institute of Higher Education and Research - [SPIHER], Chennai","Chennai, Tamil Nadu","₹ 1,00,000","₹ 3,50,000","72709","B.Tech Civil Engineering","#524"
"#525","East West College of Engineering - [EWCE], Bangalore","Bangalore, Karnataka","₹ 7,64,444","","64720","B.Tech Information Technology","#528"
"#529","Seacom Skills University - [SSU], Birbhum","Birbhum, West Bengal","₹ 82,000","₹ 5,00,000","5825","B.Tech Electronics & Communication Engineering","#532"
"#533","Malla Reddy College of Engineering for Women - [MRCEW], Hyderabad","Hyderabad, Telangana","₹ 73,000","","","","#536"
"#537","Shivajirao Kadam Group of Colleges, Indore","Indore, Madhya Pradesh","₹ 90,000","₹ 5,50,000","132458","B.Tech Artificial Intelligence and Data Science","#540"
"#541","Arunai Engineering College - [AEC], Tiruvannamalai","Tiruvannamalai, Tamil Nadu","₹ 2,20,000","","34961","B.Tech Civil Engineering","#544"
"#545","Dhole Patil College of Engineering - [DPCOE], Pune","Pune, Maharashtra","₹ 97,671","₹ 3,60,000","79648","BE Mechanical Engineering","#548"
"#549","HMR Institute of Technology & Management - [HMRITM], New Delhi","New Delhi, Delhi NCR","₹ 1,48,600","₹ 4,00,000","756245","B.Tech Information Technology","#552"
"#553","Lucknow Institute of Technology - [LIT], Lucknow","Lucknow, Uttar Pradesh","₹ 2,20,000","₹ 4,50,000","186581","B.Tech Information Technology","#556"
"#557","Orissa Engineering College - [OEC], Bhubaneswar","Bhubaneswar, Odisha","₹ 86,500","₹ 10,00,000","477926","B.Tech Mechanical Engineering","#560"
"#561","Rajasthan Institute of Engineering and Technology - [RIET], Jaipur","Jaipur, Rajasthan","₹ 94,500","₹ 8,00,000","883316","B.Tech Information Technology","#564"
"#565","Sanghvi Institute of Management and Science - [SIMS], Indore","Indore, Madhya Pradesh","₹ 40,000","₹ 3,50,000","4287","BE Computer Engineering","#568"
"#569","Shah and Anchor Kutchhi Engineering College - [SAKEC], Mumbai","Mumbai, Maharashtra","₹ 1,51,500","₹ 5,86,000","40808","B.Tech Information Technology","#572"
"#573","St. Thomas College of Engineering and Technology- [STC], Chengannur","Chengannur, Kerala","₹ 5,02,000","₹ 32,00,000","569269","B.Tech Electronics & Communication Engineering","#576"
"#577","Xavier Institute of Engineering - [XIE], Mumbai","Mumbai, Maharashtra","₹ 6,24,000","₹ 3,00,000","67149","B.Tech Information Technology","#580"
"#581","Vasireddy Venkatadri Institute of Technology - [VVIT], Guntur","Guntur, Andhra Pradesh","₹ 60,500","₹ 18,00,000","","","#584"
"#585","SRMIST Delhi NCR Campus, Ghaziabad","Ghaziabad, Uttar Pradesh","₹ 2,21,000","₹ 41,60,000","26534","B.Tech Chemical Engineering","#588"
"#589","PERI Institute of Technology - [PERIT], Chennai","Chennai, Tamil Nadu","₹ 2,20,000","","15234","BE Artificial Intelligence and Data Science","#592"
"#593","St. Andrews Institute of Technology and Management - [SAITM], Gurgaon","Gurgaon, Haryana","₹ 98,500","₹ 8,00,000","43765","B.Tech Computer Science Engineering","#596"
"#597","St.Joseph's Institute of Technology - [SJIT], Chennai","Chennai, Tamil Nadu","₹ 2,20,000","₹ 2,25,000","76940","B.Tech Artificial Intelligence and Data Science","#600"
"#601","Netaji Subhas University - [NSU], Jamshedpur","Jamshedpur, Jharkhand","₹ 2,80,000","₹ 5,95,000","12446","B.Tech (Lateral) Electrical Engineering","#604"
"#605","JSS Academy of Technical Education - [JSSATE], Bangalore","Bangalore, Karnataka","₹ 2,81,477","₹ 7,00,000","25547","BE Electronics & Communication Engineering","#608"
"#609","Mohamed Sathak Engineering College - [MSEC], Ramanathapuram","Ramanathapuram, Tamil Nadu","₹ 2,20,000","₹ 3,25,000","114249","BE Electronics & Communication Engineering","#612"
"#613","Anand International College of Engineering, Jaipur","Jaipur, Rajasthan","₹ 85,000","₹ 5,00,000","11709","BE Electronics & Telecom Engineering","#616"
"#617","Cambridge Institute of Technology - [CIT], Ranchi","Ranchi, Jharkhand","₹ 78,000","","40434","B.Tech Information Technology","#620"
"#621","Dr. Sudhir Chandra Sur Institute of Technology & Sports Complex - [SURTECH], Kolkata","Kolkata, West Bengal","₹ 3,36,400","₹ 7,50,000","98787","BE Electronics & Communication Engineering","#624"
"#625","Godavari Global University - [GGU], East Godavari","East Godavari, Andhra Pradesh","₹ 64,570","₹ 20,00,000","","","#628"
"#629","KPR Institute of Engineering & Technology - [KPRIET], Coimbatore","Coimbatore, Tamil Nadu","₹ 96,900","","156851","B.Tech Artificial Intelligence and Data Science",""
"#621","Dr. Sudhir Chandra Sur Institute of Technology & Sports Complex - [SURTECH], Kolkata","Kolkata, West Bengal","₹ 3,36,400","₹ 7,50,000","98787","BE Electronics & Communication Engineering","#624"
"#625","Godavari Global University - [GGU], East Godavari","East Godavari, Andhra Pradesh","₹ 64,570","₹ 20,00,000","","","#628"
"#629","KPR Institute of Engineering & Technology - [KPRIET], Coimbatore","Coimbatore, Tamil Nadu","₹ 96,900","₹ 7,00,000","156851","B.Tech Artificial Intelligence and Data Science","#632"
"#633","M. Kumarasamy College of Engineering - [MKCE], Karur","Karur, Tamil Nadu","₹ 2,20,000","₹ 3,40,000","60737","B.Tech Electronics & Communication Engineering","#636"
"#637","Marthandam College of Engineering and Technology - [MACET], Kanyakumari","Kanyakumari, Tamil Nadu","₹ 2,20,000","","106174","BE Biotechnology","#640"
"#637","Marthandam College of Engineering and Technology - [MACET], Kanyakumari","Kanyakumari, Tamil Nadu","₹ 2,20,000","","106174","BE Biotechnology","#640"
"#641","Sanjivani College of Engineering, Ahmednagar","Ahmednagar, Maharashtra","₹ 1,60,000","₹ 4,50,000","196884","B.Tech Information Technology","#644"
"#645","Shivani Engineering College - [SEC], Tiruchirappalli","Tiruchirappalli, Tamil Nadu","₹ 2,20,000","₹ 4,00,000","85632","BE Civil Engineering","#648"
"#649","Trinity College of Engineering, Thiruvananthapuram","Thiruvananthapuram, Kerala","₹ 5,02,000","₹ 4,70,000","67529","BE Electronics & Communication Engineering","#652"
"#653","University Institute of Information Technology, Himachal Pradesh University - [UIIT], Shimla","Shimla, Himachal Pradesh","₹ 1,22,010","","","","#656"
"#657","ITM (SLS) Baroda University, Vadodara","Vadodara, Gujarat","₹ 98,000","₹ 10,00,000","164652","BE Civil Engineering","#660"
"#653","University Institute of Information Technology, Himachal Pradesh University - [UIIT], Shimla","Shimla, Himachal Pradesh","₹ 1,22,010","","","","#656"
"#657","ITM (SLS) Baroda University, Vadodara","Vadodara, Gujarat","₹ 98,000","₹ 10,00,000","164652","BE Civil Engineering","#660"
"#661","Himalayan University - [HU], Itanagar","Itanagar, Arunachal Pradesh","--","","","","#664"
"#665","RajaRajeswari College of Engineering - [RRCE], Bangalore","Bangalore, Karnataka","₹ 10,65,788","₹ 8,35,000","529","B.Tech Artificial Intelligence and Data Science","#668"
"#669","Maharishi University of Information Technology - [MUIT], Lucknow","Lucknow, Uttar Pradesh","₹ 1,00,000","₹ 32,50,000","","","#672"
"#673","Rishihood University, Sonepat","Sonepat, Haryana","₹ 3,72,500","₹ 7,00,000","34991","BE Electronics & Communication Engineering","#676"
"#677","Stanley College of Engineering and Technology for Women - [SCETW], Hyderabad","Hyderabad, Telangana","₹ 88,000","₹ 30,00,000","92255","B.Tech Information Technology","#680"
"#681","Baba Banda Singh Bahadur Engineering College - [BBSBEC], Fatehgarh Sahib","Fatehgarh Sahib, Punjab","₹ 96,400","₹ 4,00,000","64020","BE Electronics & Communication Engineering","#684"
"#685","Chettinad College of Engineering and Technology - [CCET], Karur","Karur, Tamil Nadu","₹ 2,20,000","₹ 70,00,000","55092","B.Tech Mechanical Engineering","#688"
"#689","Ellenki College of Engineering and Technology - [ECET], Hyderabad","Hyderabad, Telangana","₹ 60,000","₹ 3,50,000","174471","BE Computer Science and Engineering",""
"#681","Baba Banda Singh Bahadur Engineering College - [BBSBEC], Fatehgarh Sahib","Fatehgarh Sahib, Punjab","₹ 96,400","₹ 4,00,000","64020","BE Electronics & Communication Engineering","#684"
"#685","Chettinad College of Engineering and Technology - [CCET], Karur","Karur, Tamil Nadu","₹ 2,20,000","₹ 70,00,000","55092","B.Tech Mechanical Engineering","#688"
"#689","Ellenki College of Engineering and Technology - [ECET], Hyderabad","Hyderabad, Telangana","₹ 60,000","₹ 3,50,000","174471","BE Computer Science and Engineering","#692"
"#693","Kongunadu College of Engineering and Technology - [KNCET], Tiruchirappalli","Tiruchirappalli, Tamil Nadu","₹ 55,000","₹ 3,20,000","88251","BE Computer Science and Engineering","#696"
"#697","Rajadhani Institute of Engineering and Technology - [RIET] Attinga, Thiruvananthapuram","Thiruvananthapuram, Kerala","₹ 5,02,000","₹ 8,00,000","58860","B.Tech Electronics & Communication Engineering","#700"
"#701","SIES Graduate School of Technology - [SIES-GST], Navi Mumbai","Navi Mumbai, Maharashtra","₹ 1,34,420","₹ 6,50,000","22458","BE Mechanical Engineering","#704"
"#705","Sasurie College of Engineering - [SCE], Tiruppur","Tiruppur, Tamil Nadu","₹ 2,00,000","","185710","BE Electronics & Communication Engineering","#708"
"#709","Sinhgad College of Engineering - [SCOE] Vadgaon Ambegaon, Pune","Pune, Maharashtra","₹ 1,38,060","₹ 4,50,000","64401","B.Tech Food Technology","#712"
"#713","Sri Siddhartha Institute of Technology - [SSIT], Tumkur","Tumkur, Karnataka","₹ 1,20,000","₹ 12,00,000","135927","BE Electrical and Electronics Engineering","#716"
"#717","Vemu Institute of Technology - [VEMU], Chittoor","Chittoor, Andhra Pradesh","₹ 43,000","","80459","BE Electronics & Communication Engineering","#720"
"#721","Sri Sai University - [SSU], Palampur","Palampur, Himachal Pradesh","₹ 90,900","₹ 4,30,000","","","#724"
"#725","Jyothy Institute of Technology - [JIT], Bangalore","Bangalore, Karnataka","₹ 7,64,444","₹ 21,00,000","","","#728"
"#729","K. C. College of Engineering And Management Studies And Research, Thane","Thane, Maharashtra","₹ 3,56,000","₹ 6,53,000","161472","BE Electronics & Communication Engineering","#732"
"#733","Vidyavardhini's College of Engineering and Technology - [VCET], Palghar","Palghar, Maharashtra","₹ 1,21,934","₹ 18,33,000","","","#736"
"#737","Pratap University - [PU], Jaipur","Jaipur, Rajasthan","₹ 1,40,000","₹ 10,00,000","113683","B.Tech Electronics & Communication Engineering","#740"
"#741","Babu Banarasi Das Northern India Institute of Technology - [BBDNIIT], Lucknow","Lucknow, Uttar Pradesh","₹ 1,06,003","₹ 44,15,000","66202","B.Tech Electronics & Communication Engineering","#744"
"#745","SAL College of Engineering - [SCE], Ahmedabad","Ahmedabad, Gujarat","₹ 74,000","₹ 3,60,000","","","#748"
"#749","Shyam University, Dausa","Dausa, Rajasthan","₹ 80,000","₹ 3,70,000","1065195","B.Tech Electronics & Communication Engineering","#752"
"#753","KGISL  Institute of Technology - [KITE], Coimbatore","Coimbatore, Tamil Nadu","₹ 87,200","₹ 3,60,000","","","#756"
"#757","Rajkiya Engineering College - [REC], Sonbhadra","Sonbhadra, Uttar Pradesh","₹ 57,300","₹ 3,70,000","1065195","B.Tech Electronics & Communication Engineering","#760"
"#761","Babu Banarasi Das Northern India Institute of Technology - [BBDNIIT], Lucknow","Lucknow, Uttar Pradesh","₹ 1,06,003","₹ 44,15,000","66202","B.Tech Electronics & Communication Engineering","#764"
"#765","SAL College of Engineering - [SCE], Ahmedabad","Ahmedabad, Gujarat","₹ 74,000","₹ 3,60,000","","","#768"
"#769","Shyam University, Dausa","Dausa, Rajasthan","₹ 80,000","₹ 3,70,000","1065195","B.Tech Electronics & Communication Engineering","#772"
"#773","KGISL  Institute of Technology - [KITE], Coimbatore","Coimbatore, Tamil Nadu","₹ 87,200","₹ 3,60,000","","","#776"
"#777","Rajkiya Engineering College - [REC], Sonbhadra","Sonbhadra, Uttar Pradesh","₹ 57,300","₹ 3,70,000","1065195","B.Tech Electronics & Communication Engineering","#780"
"#781","Babu Banarasi Das Northern India Institute of Technology - [BBDNIIT], Lucknow","Lucknow, Uttar Pradesh","₹ 1,06,003","₹ 44,15,000","66202","B.Tech Electronics & Communication Engineering","#784"
"#785","SAL College of Engineering - [SCE], Ahmedabad","Ahmedabad, Gujarat","₹ 74,000","₹ 3,60,000","","","#788"
"#789","Shyam University, Dausa","Dausa, Rajasthan","₹ 80,000","₹ 3,70,000","1065195","B.Tech Electronics & Communication Engineering","#792"
"#793","Kallam Haranadhareddy Institute of Technology - [KHIT], Guntur","Guntur, Andhra Pradesh","₹ 47,300","₹ 3,85,000","","","#796"
"#797","OmDayal Group of Institutions, Kolkata","Kolkata, West Bengal","₹ 1,22,000","₹ 4,00,000","58025","BE Civil Engineering","#800"
"#801","Abacus Institute of Engineering and Management, Hooghly","Hooghly, West Bengal","₹ 80,500","₹ 4,00,000","90177","BE Electronics & Communication Engineering","#804"
"#805","Amrutvahini College of Engineering - [AVCOE], Ahmednagar","Ahmednagar, Maharashtra","₹ 1,20,000","₹ 6,05,000","78618","BE Biomedical Engineering","#808"
"#809","Cape Institute of Technology - [CAPE], Tirunelveli","Tirunelveli, Tamil Nadu","₹ 25,500","₹ 3,50,000","192328","BE Mechanical Engineering","#812"
"#813","EGS Pillay Engineering College, Nagapattinam","Nagapattinam, Tamil Nadu","₹ 2,20,000","","181215","BE Electrical and Electronics Engineering","#816"
"#817","Ghousia College of Engineering - [GCE], Ramanagar","Ramanagar, Karnataka","₹ 4,17,060","₹ 4,50,000","127610","BE Computer Science and Engineering","#820"
"#821","Hasmukh Goswami College of Engineering - [HGCE], Ahmedabad","Ahmedabad, Gujarat","₹ 64,000","₹ 2,00,000","32428","BE Computer Science and Engineering","#824"
"#825","KLN College of Information Technology - [KLNCIT], Sivaganga","Sivaganga, Tamil Nadu","₹ 2,20,000","₹ 8,00,000","75611","BE Mechanical Engineering","#828"
"#829","Lendi Institute of Engineering and Technology, Vizianagaram","Vizianagaram, Andhra Pradesh","₹ 43,000","₹ 12,00,000","141210","BE Electrical and Electronics Engineering","#832"
"#833","Maharana Pratap Engineering College - [MPEC], Kanpur","Kanpur, Uttar Pradesh","₹ 2,44,800","","36318","B.Tech Cyber Security","#836"
"#837","Malwa Institute of Science and Technology - [MIST], Indore","Indore, Madhya Pradesh","₹ 55,000","₹ 7,75,000","886461","B.Tech Electrical and Electronics Engineering","#840"
"#829","Lendi Institute of Engineering and Technology, Vizianagaram","Vizianagaram, Andhra Pradesh","₹ 43,000","₹ 12,00,000","141210","BE Electrical and Electronics Engineering","#832"
"#833","Maharana Pratap Engineering College - [MPEC], Kanpur","Kanpur, Uttar Pradesh","₹ 2,44,800","","36318","B.Tech Cyber Security","#836"
"#837","Malwa Institute of Science and Technology - [MIST], Indore","Indore, Madhya Pradesh","₹ 55,000","₹ 7,75,000","886461","B.Tech Electrical and Electronics Engineering","#840"
"#841","Progressive Education Society's Modern College of Engineering - [MCOE], Pune","Pune, Maharashtra","₹ 90,000","₹ 10,00,000","32058","B.Tech Electronics & Communication Engineering","#844"
"#845","SKP Engineering College, Tiruvannamalai","Tiruvannamalai, Tamil Nadu","₹ 2,20,000","₹ 2,90,000","98160","B.Tech Electrical and Electronics Engineering","#848"
"#849","Surya Engineering College, Erode","Erode, Tamil Nadu","₹ 50,000","₹ 2,50,000","69100","BE Information Science & Engineering",""
"#837","Malwa Institute of Science and Technology - [MIST], Indore","Indore, Madhya Pradesh","₹ 55,000","₹ 7,75,000","886461","B.Tech Electrical and Electronics Engineering","#840"
"#841","Progressive Education Society's Modern College of Engineering - [MCOE], Pune","Pune, Maharashtra","₹ 90,000","₹ 10,00,000","32058","B.Tech Electronics & Communication Engineering","#844"
"#845","SKP Engineering College, Tiruvannamalai","Tiruvannamalai, Tamil Nadu","₹ 2,20,000","₹ 2,90,000","98160","B.Tech Electrical and Electronics Engineering","#848"
"#849","Surya Engineering College, Erode","Erode, Tamil Nadu","₹ 50,000","₹ 2,50,000","69100","BE Information Science & Engineering","#852"
"#853","Toc H Institute of Science and Technology - [TIST], Ernakulam","Ernakulam, Kerala","₹ 5,02,000","₹ 3,20,000","11571","B.Tech Electronics & Telecommunication Engineering","#856"
"#857","M.A.M. College of Engineering and Technology - [MAMCET], Tiruchirappalli","Tiruchirappalli, Tamil Nadu","₹ 50,000","","27533","B.Tech Information Technology","#860"
"#853","Toc H Institute of Science and Technology - [TIST], Ernakulam","Ernakulam, Kerala","₹ 5,02,000","₹ 3,20,000","11571","B.Tech Electronics & Telecommunication Engineering","#856"
"#857","M.A.M. College of Engineering and Technology - [MAMCET], Tiruchirappalli","Tiruchirappalli, Tamil Nadu","₹ 50,000","","27533","B.Tech Information Technology","#860"
"#861","Jansons Institute of Technology - [JIT], Coimbatore","Coimbatore, Tamil Nadu","₹ 2,20,000","₹ 4,10,000","162511","BE Electronics & Communication Engineering","#864"
"#865","ICFAI Foundation for Higher Education - [IFHE], Hyderabad","Hyderabad, Telangana","₹ 2,80,000","₹ 7,97,000","","","#868"
"#869","PCTE Group of Institutes, Ludhiana","Ludhiana, Punjab","₹ 96,400","₹ 6,00,000","23322","BE Artificial Intelligence and Data Science","#872"
"#873","Vasantdada Patil Pratishtan's College of Engineering & Visual Arts, Mumbai","Mumbai, Maharashtra","₹ 1,46,205","₹ 4,00,000","174447","BE Artificial Intelligence and Data Science","#876"
"#877","Shree L. R. Tiwari College of Engineering - [SLRTCE], Thane","Thane, Maharashtra","₹ 1,08,000","₹ 4,43,000","44519","B.Tech Electronics & Communication Engineering","#880"
"#869","PCTE Group of Institutes, Ludhiana","Ludhiana, Punjab","₹ 96,400","₹ 6,00,000","23322","BE Artificial Intelligence and Data Science","#872"
"#873","Vasantdada Patil Pratishtan's College of Engineering & Visual Arts, Mumbai","Mumbai, Maharashtra","₹ 1,46,205","₹ 4,00,000","174447","BE Artificial Intelligence and Data Science","#876"
"#877","Shree L. R. Tiwari College of Engineering - [SLRTCE], Thane","Thane, Maharashtra","₹ 1,08,000","₹ 4,43,000","44519","B.Tech Electronics & Communication Engineering","#880"
"#881","Dr. NGP Institute of Technology, Coimbatore","Coimbatore, Tamil Nadu","₹ 2,20,000","₹ 3,11,666","","","#884"
"#885","Ajeenkya DY  Patil University - [ADYPU], Pune","Pune, Maharashtra","₹ 2,50,000","₹ 6,50,000","35068","BE Electronics & Telecom Engineering","#888"
"#889","Amritsar Group of Colleges - [AGC], Amritsar","Amritsar, Punjab","₹ 96,400","₹ 42,00,000","851945","","#892"
"#893","Adhi College of Engineering and Technology - [ACET], Kanchipuram","Kanchipuram, Tamil Nadu","₹ 2,20,000","","73700","BE Mechanical Engineering","#896"
"#897","Amrita School of Engineering - [ASE], Coimbatore","Coimbatore, Tamil Nadu","₹ 6,10,000","₹ 5,40,000","38046","B.Tech Information Technology","#900"
"#885","Ajeenkya DY  Patil University - [ADYPU], Pune","Pune, Maharashtra","₹ 2,50,000","₹ 6,50,000","35068","BE Electronics & Telecom Engineering","#888"
"#889","Amritsar Group of Colleges - [AGC], Amritsar","Amritsar, Punjab","₹ 96,400","₹ 42,00,000","851945","","#892"
"#893","Adhi College of Engineering and Technology - [ACET], Kanchipuram","Kanchipuram, Tamil Nadu","₹ 2,20,000","","73700","BE Mechanical Engineering","#896"
"#897","Amrita School of Engineering - [ASE], Coimbatore","Coimbatore, Tamil Nadu","₹ 6,10,000","₹ 5,40,000","38046","B.Tech Information Technology","#900"
"#901","Chirala Engineering College - [CEC], Chirala","Chirala, Andhra Pradesh","₹ 49,500","","156016","B.Tech Artificial Intelligence and Data Science","#904"
"#905","Geeta Engineering College - [GEC], Panipat","Panipat, Haryana","₹ 3,33,320","₹ 12,00,000","58405","BE Computer Engineering","#908"
"#909","Info Institute of Engineering - [IIE], Coimbatore","Coimbatore, Tamil Nadu","₹ 2,20,000","","69153","BE Electronics & Communication Engineering","#912"
"#913","Karpaga Vinayaga College of Engineering and Technology - [KVCET], Chennai","Chennai, Tamil Nadu","₹ 2,20,000","₹ 15,10,000","30314","BE (Information Technology)","#916"
"#917","L.J. Institute of Engineering and Technology - [LJIET], Ahmedabad","Ahmedabad, Gujarat","₹ 77,000","₹ 28,00,000","905032","BE (Information Technology)","#920"
"#909","Info Institute of Engineering - [IIE], Coimbatore","Coimbatore, Tamil Nadu","₹ 2,20,000","","69153","BE Electronics & Communication Engineering","#912"
"#913","Karpaga Vinayaga College of Engineering and Technology - [KVCET], Chennai","Chennai, Tamil Nadu","₹ 2,20,000","₹ 15,10,000","30314","BE (Information Technology)","#916"
"#917","L.J. Institute of Engineering and Technology - [LJIET], Ahmedabad","Ahmedabad, Gujarat","₹ 77,000","₹ 28,00,000","905032","BE (Information Technology)","#920"
"#921","Modern Institute of Engineering and Technology - [MIET], Hooghly","Hooghly, West Bengal","₹ 88,000","","3683","B.Tech Information Technology","#924"
"#925","QIS College of Engineering and Technology - [QISCET], Ongole","Ongole, Andhra Pradesh","₹ 43,000","","132766","B.Tech Electrical and Electronics Engineering","#928"
"#929","Sasi Institute of Technology & Engineering - [SITE], Tadepalligudem","Tadepalligudem, Andhra Pradesh","₹ 50,270","₹ 60,00,000","25689","BE Electronics & Telecom Engineering","#932"
"#933","Sir Visvesvaraya Institute Of Technology - [SVIT] Chincholi, Nashik","Nashik, Maharashtra","₹ 87,967","","104158","B.Tech Civil Engineering","#936"
"#937","Swami Vivekanand College of Engineering - [SVCE], Indore","Indore, Madhya Pradesh","₹ 58,500","₹ 10,00,000","153248","B.Tech Artificial Intelligence and Data Science","#940"
"#941","Gojan School of Business and Technology - [GSBT], Chennai","Chennai, Tamil Nadu","₹ 2,20,000","","40628","B.Tech Computer Science Engineering","#944"
"#945","Usha Mittal Institute of Technology - [UMIT], Mumbai","Mumbai, Maharashtra","₹ 1,17,061","","154697","B.Tech Electrical and Electronics Engineering","#948"
"#949","CT Group of Institutions, Jalandhar","Jalandhar, Punjab","₹ 96,400","","22475","BE Artificial Intelligence and Data Science","#952"
"#953","JIMS Engineering Management Technical Campus- [JEMTEC], Greater Noida","Greater Noida, Uttar Pradesh","₹ 4,44,000","₹ 4,74,000","117640","B.Tech Artificial Intelligence and Data Science","#956"
"#957","Bhopal Institute of Technology & Science - [BITS], Bhopal","Bhopal, Madhya Pradesh","₹ 55,000","","39992","B.Tech Electronics & Communication Engineering","#960"
"#961","Institute of Technology and Management - [ITM], Gorakhpur","Gorakhpur, Uttar Pradesh","₹ 65,860","₹ 1,08,000","80047","BE Agricultural Engineering","#964"
"#965","Rawal Institutions, Faridabad","Faridabad, Haryana","₹ 70,000","₹ 2,50,000","","","#968"
"#969","International School of Engineering - [INSOFE], Bangalore","Bangalore, Karnataka","₹ 3,20,000","","","","#972"
"#973","AVN Institute of Engineering and Technology - [AVNIET], Ibrahimpatnam, Hyderabad","Hyderabad, Telangana","₹ 95,000","₹ 10,00,000","","B.Tech Internet of Things & Cyber Security Including Blockchain Technology","#976"
"#977","Bearys Institute of Technology-[BIT], Mangalore","Mangalore, Karnataka","₹ 4,17,060","₹ 4,50,000","766678","B.Tech Computer Science Engineering","#980"
"#981","Coorg Institute of Technology - [CIT], Kodagu","Kodagu, Karnataka","₹ 7,64,444","₹ 2,40,000","42190","BE Electronics & Communication Engineering","#984"
"#985","Genba Sopanrao Moze College of Engineering Balewadi, Pune","Pune, Maharashtra","₹ 42,500","₹ 3,50,000","67998","BE Electronics & Communication Engineering","#988"
"#989","ITS Engineering College, Greater Noida","Greater Noida, Uttar Pradesh","₹ 1,39,000","₹ 42,00,000","47585","B.Tech Civil Engineering","#992"
"#993","K Ramakrishnan College of Technology - [KRCT], Tiruchirappalli","Tiruchirappalli, Tamil Nadu","₹ 65,000","","856261","B.Tech Electrical and Electronics Engineering","#996"
"#997","L.B.S. College of Engineering - [LBSCEK], Kasaragod","Kasaragod, Kerala","₹ 5,02,000","","161367","BE Mechanical Engineering","#1000"
"#1001","Mohandas College of Engineering and Technology - [MCET], Thiruvananthapuram","Thiruvananthapuram, Kerala","₹ 5,02,000","₹ 5,34,000","123825","B.Tech Electronics & VLSI Engineering","#1004"
"#1005","RITEE Group of Institutions, Raipur","Raipur, Chhattisgarh","₹ 82,150","","537648","B.Tech Automobile Engineering","#1008"
"#1009","Shaheed Udham Singh Engineering College - [SUSEC], Mohali","Mohali, Punjab","₹ 96,400","₹ 4,60,000","144806","B.Tech Electronics & Telecommunication Engineering","#1012"
"#1013","Siddhant College of Engineering - [SCOE] Sudumbare, Pune","Pune, Maharashtra","₹ 65,000","","25846","BE Electronics & Telecom Engineering","#1016"
"#1017","Smt. Indira Gandhi College of Engineering - [SIGCE], Navi Mumbai","Navi Mumbai, Maharashtra","₹ 3,96,000","₹ 2,40,000","49347","B.Tech Mechanical Engineering","#1020"
"#1021","Sri Muthukumaran Institute of Technology - [SMIT], Chennai","Chennai, Tamil Nadu","₹ 2,20,000","₹ 3,30,000","55960","B.Tech Electrical and Electronics Engineering","#1024"
"#1025","SRM TRP Engineering College, Tiruchirappalli","Tiruchirappalli, Tamil Nadu","₹ 2,20,000","₹ 4,75,000","879692","B.Tech Artificial Intelligence and Data Science","#1028"
"#1029","Panipat Institute of Engineering & Technology - [PIET], Panipat","Panipat, Haryana","₹ 1,54,000","₹ 4,00,000","","BE Computer Science and Engineering","#1032"
"#1033","Indus International University - [IIU], Una","Una, Himachal Pradesh","₹ 1,10,000","","62482","B.Tech Cyber Security","#1036"
"#1037","Jai Narain College of Technology & Science - [JNCTS], Bhopal","Bhopal, Madhya Pradesh","₹ 55,000","₹ 10,00,000","16142","B.Tech Electronics & Communication Engineering","#1040"
"#1041","Guru Nanak Institute of Technology - [GNIT], Kolkata","Kolkata, West Bengal","₹ 5,97,900","₹ 4,80,000","99166","BE Computer Science and Engineering","#1044"
"#1045","SRM University Vadapalani Campus, Chennai","Chennai, Tamil Nadu","₹ 3,40,000","₹ 18,00,000","","","#1048"
"#1049","Phonics Group of Institutions - [PGI], Roorkee","Roorkee, Uttarakhand","₹ 86,900","₹ 5,00,000","","B.Tech Mechanical Engineering","#1052"
"#1053","Elitte College of Engineering - [ECE], Kolkata","Kolkata, West Bengal","₹ 79,000","","85209","B.Tech Civil Engineering","#1056"
"#1057","Shri Rawatpura Sarkar University - [SRU], Raipur","Raipur, Chhattisgarh","₹ 75,200","","","","#1060"
"#1061","Pune Vidyarthi Griha's College of Engineering & S.S. Dhamankar Institute of Management, Nashik","Nashik, Maharashtra","₹ 67,150","₹ 4,12,000","132422","B.Tech Information Technology","#1064"
"#1065","Nutan Maharashtra Institute of Engineering and Technology - [NMIET] Talegaon, Pune","Pune, Maharashtra","₹ 97,340","₹ 4,50,000","54773","B.Tech Information Technology","#1068"
"#1069","Adamas Institute of Technology - [AIT], Kolkata","Kolkata, West Bengal","₹ 1,09,600","","827145","B.Tech Mechanical Engineering","#1072"
"#1073","Angadi Institute of Technology and Management - [AITM], Belgaum","Belgaum, Karnataka","₹ 2,06,111","","144258","B.Tech Civil Engineering","#1076"
"#1077","BGS Institute of Technology - [BGSIT], Mandya","Mandya, Karnataka","₹ 4,17,060","₹ 2,83,740","114902","B.Tech Electronics & Communication Engineering","#1080"
"#1081","Balaji Institute of Technology and Science - [BITS], Warangal","Warangal, Telangana","₹ 71,000","₹ 1,20,000","74562","BE Electrical and Electronics Engineering","#1084"
"#1085","Camellia Institute of Engineering and Technology - [CIET], Bardhaman","Bardhaman, West Bengal","₹ 80,000","₹ 2,02,345","8455","BE (Information Technology)","#1088"
"#1089","Delhi Institute of Engineering and Technology - [DIET], Meerut","Meerut, Uttar Pradesh","₹ 2,44,800","","15058","BE Artificial Intelligence and Data Science","#1092"
"#1093","Gandhi Engineering College (GEC Autonomous), Bhubaneswar","Bhubaneswar, Odisha","₹ 1,38,000","₹ 4,10,000","681490","B.Tech Computer Science Engineering","#1096"
"#1097","Infant Jesus College of Engineering - [IJCE], Thoothukudi","Thoothukudi, Tamil Nadu","₹ 2,20,000","₹ 4,50,000","144862","B.Tech Computer Science Engineering","#1100"
"#1101","M S Engineering College - [MSEC], Bangalore","Bangalore, Karnataka","₹ 7,64,444","₹ 4,50,000","65267","BE Electronics and Instrumentation Engineering","#1104"
"#1105","Meghnad Saha Institute of Technology - [MSIT], Kolkata","Kolkata, West Bengal","₹ 1,44,800","₹ 5,96,000","132591","BE Electrical and Electronics Engineering","#1108"
"#1109","Narayana Engineering College Gudur - [NEC], Nellore","Nellore, Andhra Pradesh","₹ 49,500","₹ 9,00,000","195668","B.Tech Artificial Intelligence and Data Science","#1112"
"#1113","Pravara Rural Engineering College  - [PREC] Loni, Ahmednagar","Ahmednagar, Maharashtra","₹ 1,13,000","₹ 4,50,000","4419","BE Artificial Intelligence and Data Science","#1116"
"#1117","RVS College of Engineering and Technology, Coimbatore","Coimbatore, Tamil Nadu","₹ 2,20,000","","","","#1120"
"#1121","Saffrony Institute of Technology & S.P.B. Patel Engineering College, Ahmedabad","Ahmedabad, Gujarat","₹ 76,000","₹ 2,40,000","160596","BE Civil Engineering","#1124"
"#1125","Sri Sairam College of Engineering, Bangalore","Bangalore, Karnataka","₹ 7,64,444","","16173","BE Electronics & Telecom Engineering","#1128"
"#1129","Sri Ramanujar Engineering College - [SREC], Chennai","Chennai, Tamil Nadu","₹ 2,20,000","","791093","B.Tech Electrical Engineering",""
"#1117","RVS College of Engineering and Technology, Coimbatore","Coimbatore, Tamil Nadu","₹ 2,20,000","","","","#1120"
"#1121","Saffrony Institute of Technology & S.P.B. Patel Engineering College, Ahmedabad","Ahmedabad, Gujarat","₹ 76,000","₹ 2,40,000","160596","BE Civil Engineering","#1124"
"#1125","Sri Sairam College of Engineering, Bangalore","Bangalore, Karnataka","₹ 7,64,444","","16173","BE Electronics & Telecom Engineering","#1128"
"#1129","Sri Ramanujar Engineering College - [SREC], Chennai","Chennai, Tamil Nadu","₹ 2,20,000","","791093","B.Tech Electrical Engineering","#1132"
"#1133","Swarna Bharathi Institute of Science and Technology - [SBIT], Khammam","Khammam, Telangana","₹ 69,700","₹ 6,00,000","463658","","#1136"
"#1137","Vivekananda College of Engineering & Technology - [VCET], Puttur","Puttur, Karnataka","₹ 10,65,908","","120508","B.Tech Electronics & Communication Engineering","#1140"
"#1129","Sri Ramanujar Engineering College - [SREC], Chennai","Chennai, Tamil Nadu","₹ 2,20,000","","791093","B.Tech Electrical Engineering","#1132"
"#1133","Swarna Bharathi Institute of Science and Technology - [SBIT], Khammam","Khammam, Telangana","₹ 69,700","₹ 6,00,000","463658","","#1136"
"#1137","Vivekananda College of Engineering & Technology - [VCET], Puttur","Puttur, Karnataka","₹ 10,65,908","","120508","B.Tech Electronics & Communication Engineering","#1140"
"#1141","Universal College of Engineering and Technology - [UCET], Gandhinagar","Gandhinagar, Gujarat","--","","183246","B.Tech Mechanical Engineering","#1144"
"#1145","Parisutham Institute of Technology and  Science - [PITS], Thanjavur","Thanjavur, Tamil Nadu","₹ 2,20,000","₹ 7,25,000","26787","B.Tech Cyber Security","#1148"
"#1149","Raffles University, Alwar","Alwar, Rajasthan","₹ 1,09,000","","","","#1152"
"#1153","Arignar Anna Institute of Science and Technology, Chennai","Chennai, Tamil Nadu","₹ 2,20,000","","734570","B.Tech Information Technology","#1156"
"#1157","KLE Dr. M.S.Sheshgiri College of Engineering & Technology, Belgaum","Belgaum, Karnataka","₹ 2,64,372","₹ 34,00,000","39640","B.Tech Electronics & Communication Engineering","#1160"
"#1145","Parisutham Institute of Technology and  Science - [PITS], Thanjavur","Thanjavur, Tamil Nadu","₹ 2,20,000","₹ 7,25,000","26787","B.Tech Cyber Security","#1148"
"#1149","Raffles University, Alwar","Alwar, Rajasthan","₹ 1,09,000","","","","#1152"
"#1153","Arignar Anna Institute of Science and Technology, Chennai","Chennai, Tamil Nadu","₹ 2,20,000","","734570","B.Tech Information Technology","#1156"
"#1157","KLE Dr. M.S.Sheshgiri College of Engineering & Technology, Belgaum","Belgaum, Karnataka","₹ 2,64,372","₹ 34,00,000","39640","B.Tech Electronics & Communication Engineering","#1160"
"#1161","Jawaharlal College of Engineering and Technology - [JCET] Ottapalam, Palakkad","Palakkad, Kerala","₹ 5,02,000","₹ 2,87,000","114508","BE Civil Engineering","#1164"
"#1165","Delhi Technical Campus - [DTC], Greater Noida","Greater Noida, Uttar Pradesh","₹ 1,24,250","₹ 6,00,000","","","#1168"
"#1169","MET Bhujbal Knowledge City, Nashik","Nashik, Maharashtra","₹ 1,00,000","₹ 6,50,000","88429","B.Tech Electronics & Communication Engineering","#1172"
"#1173","Bhopal Institute of Technology - [BIT], Bhopal","Bhopal, Madhya Pradesh","₹ 55,000","₹ 20,00,000","","","#1176"
"#1177","Pacific School of  Engineering - [PSE], Surat","Surat, Gujarat","₹ 55,125","₹ 3,25,000","","B.Tech Electronics & Communication Engineering","#1180"
"#1181","Capital University - [CU], Kodarma","Kodarma, Jharkhand","₹ 41,100","","","","#1184"
"#1185","Salem College of Engineering and Technology - [SCET], Salem","Salem, Tamil Nadu","₹ 2,20,000","₹ 2,20,000","1506039","B.Tech Civil Engineering","#1188"
"#1189","Aditya Engineering College - [AEC], Beed","Beed, Maharashtra","₹ 1,19,500","₹ 6,20,000","37632","BE Artificial Intelligence & Machine Learning","#1192"
"#1193","Bharati Vidyapeeth College of Engineering For Women, Pune","Pune, Maharashtra","₹ 1,29,000","","68951","B.Tech Electronics & Communication Engineering","#1196"
"#1197","Cheran College of Engineering, Karur","Karur, Tamil Nadu","₹ 50,000","₹ 6,00,000","4827","B.Tech Electrical and Electronics Engineering","#1200"
"#1201","Christ the King Engineering College, Coimbatore","Coimbatore, Tamil Nadu","₹ 2,20,000","₹ 12,00,000","727454","B.Tech Civil Engineering","#1204"
"#1205","GITAM School of Technology, Visakhapatnam","Visakhapatnam, Andhra Pradesh","₹ 2,70,000","₹ 5,00,000","137255","B.Tech Artificial Intelligence and Data Science","#1208"
"#1209","Hindu College of Engineering - [HCE], Sonepat","Sonepat, Haryana","₹ 76,335","","64998","BE Mechatronics Engineering","#1212"
"#1213","Jyothishmathi Institute of Technology and Science - [JITS], Karimnagar","Karimnagar, Telangana","₹ 73,000","","156852","B.Tech Mechanical Engineering","#1216"
"#1217","Lourdes Matha College of Science and Technology, Thiruvananthapuram","Thiruvananthapuram, Kerala","₹ 1,00,500","₹ 3,00,000","35670","BE Electronics & Communication Engineering","#1220"
"#1221","Malabar College of Engineering and Technology - [MCET], Thrissur","Thrissur, Kerala","₹ 5,02,000","₹ 4,50,000","127226","B.Tech Electronics & Communication Engineering","#1224"
"#1225","Misrimal Navajee Munoth Jain Engineering College - [MNMJEC], Chennai","Chennai, Tamil Nadu","₹ 2,20,000","₹ 12,00,000","87309","B.Tech Information Technology","#1228"
"#1229","Poornima Institute of Engineering  and Technology - [PIET], Jaipur","Jaipur, Rajasthan","₹ 92,515","","599963","B.Tech Cyber Security","#1232"
"#1233","Raj Kumar Goel Engineering College - [RKGEC], Ghaziabad","Ghaziabad, Uttar Pradesh","₹ 1,10,000","","7175","B.Tech Electronics & Telecommunication Engineering","#1236"
"#1237","Rohini College of Engineering and Technology - [RCET], Kanyakumari","Kanyakumari, Tamil Nadu","₹ 50,000","₹ 7,20,000","49439","B.Tech Civil Engineering","#1240"
"#1229","Poornima Institute of Engineering  and Technology - [PIET], Jaipur","Jaipur, Rajasthan","₹ 92,515","","599963","B.Tech Cyber Security","#1232"
"#1233","Raj Kumar Goel Engineering College - [RKGEC], Ghaziabad","Ghaziabad, Uttar Pradesh","₹ 1,10,000","","7175","B.Tech Electronics & Telecommunication Engineering","#1236"
"#1237","Rohini College of Engineering and Technology - [RCET], Kanyakumari","Kanyakumari, Tamil Nadu","₹ 50,000","₹ 7,20,000","49439","B.Tech Civil Engineering","#1240"
"#1241","Sana Engineering College - [SEC], Suryapet","Suryapet, Telangana","₹ 70,000","","112739","B.Tech Electronics & Communication Engineering","#1244"
"#1245","Sityog Institute of Technology, Aurangabad","Aurangabad, Bihar","₹ 1,11,000","₹ 3,50,000","196553","BE Computer Science and Engineering","#1248"
"#1249","Shri Sant Gajanan Maharaj College of Engineering - [SSGMCE], Shegaon","Shegaon, Maharashtra","₹ 4,88,000","₹ 12,00,000","115028","B.Tech Electrical and Electronics Engineering",""
"#1241","Sana Engineering College - [SEC], Suryapet","Suryapet, Telangana","₹ 70,000","","112739","B.Tech Electronics & Communication Engineering","#1244"
"#1245","Sityog Institute of Technology, Aurangabad","Aurangabad, Bihar","₹ 1,11,000","₹ 3,50,000","196553","BE Computer Science and Engineering","#1248"
"#1249","Shri Sant Gajanan Maharaj College of Engineering - [SSGMCE], Shegaon","Shegaon, Maharashtra","₹ 4,88,000","₹ 12,00,000","115028","B.Tech Electrical and Electronics Engineering","#1252"
"#1253","Technology Education and Research Integrated Institute - [TERII], Kurukshetra","Kurukshetra, Haryana","₹ 98,910","₹ 7,37,000","40211","B.Tech Electronics & Communication Engineering","#1256"
"#1257","Pailan College of Management and Technology - [PCMT], Kolkata","Kolkata, West Bengal","₹ 97,500","","191242","B.Tech Information Technology","#1260"
"#1261","Vel Tech High Tech Dr.Rangarajan Dr.Sakunthala Engineering College, Chennai","Chennai, Tamil Nadu","₹ 2,20,000","₹ 3,00,000","79936","B.Tech Electronics & Communication Engineering","#1264"
"#1265","KS Institute of Technology - [KSIT], Bangalore","Bangalore, Karnataka","₹ 7,64,444","","64250","B.Tech Electronics & Communication Engineering","#1268"
"#1269","Pavai College of Technology - [PCT], Namakkal","Namakkal, Tamil Nadu","₹ 50,000","","","",""
"#1261","Vel Tech High Tech Dr.Rangarajan Dr.Sakunthala Engineering College, Chennai","Chennai, Tamil Nadu","₹ 2,20,000","₹ 3,00,000","79936","B.Tech Electronics & Communication Engineering","#1264"
"#1265","KS Institute of Technology - [KSIT], Bangalore","Bangalore, Karnataka","₹ 7,64,444","","64250","B.Tech Electronics & Communication Engineering","#1268"
"#1269","Pavai College of Technology - [PCT], Namakkal","Namakkal, Tamil Nadu","₹ 50,000","","","","#1272"
"#1273","Bharath Niketan Engineering College - [BNEC], Aundipatti","Aundipatti, Tamil Nadu","₹ 55,000","₹ 1,80,000","95780","BE Electronics & Communication Engineering","#1276"
"#1277","PDEA College of Engineering Manjari, Pune","Pune, Maharashtra","₹ 90,000","₹ 5,40,000","126332","BE Agricultural Engineering","#1280"
"#1281","Loyola Institute of Technology and Science - [LITES], Kanyakumari","Kanyakumari, Tamil Nadu","₹ 2,20,000","₹ 3,60,000","53419","B.Tech Mechanical Engineering","#1284"
"#1285","Krishna Group of Institutions, Kanpur","Kanpur, Uttar Pradesh","₹ 65,000","₹ 4,00,000","1322159","B.Tech Civil Engineering","#1288"
"#1289","Techno India - Banipur, Paragana","Paragana, West Bengal","₹ 72,000","","","",""
"#1277","PDEA College of Engineering Manjari, Pune","Pune, Maharashtra","₹ 90,000","₹ 5,40,000","126332","BE Agricultural Engineering","#1280"
"#1281","Loyola Institute of Technology and Science - [LITES], Kanyakumari","Kanyakumari, Tamil Nadu","₹ 2,20,000","₹ 3,60,000","53419","B.Tech Mechanical Engineering","#1284"
"#1285","Krishna Group of Institutions, Kanpur","Kanpur, Uttar Pradesh","₹ 65,000","₹ 4,00,000","1322159","B.Tech Civil Engineering","#1288"
"#1289","Techno India - Banipur, Paragana","Paragana, West Bengal","₹ 72,000","","779058","B.Tech Electrical Engineering","#1292"